S/N,SAMPLE_ID,ALLELE_ID_IPD_MHC DATABASE,PIDENT,LENGTH,E-VALUE,BIT-SCORE,QCOVS,QLEN
1,10.ab1,BOLA03100|BoLA-DRB3*001:01|554,96.552,261,1.19E-122,429,99,260
2,105.ab1,BOLA03100|BoLA-DRB3*001:01|554,97.414,232,1.19E-112,396,90,258
3,134.ab1,BOLA03100|BoLA-DRB3*001:01|554,92.562,242,1.23E-97,346,93,261
4,178.ab1,BOLA03100|BoLA-DRB3*001:01|554,95.935,246,1.21E-112,396,94,263
5,39.ab1,BOLA03100|BoLA-DRB3*001:01|554,96.063,254,1.20E-117,412,97,262
6,162.ab1,BOLA03102|BoLA-DRB3*002:01|267,93.902,246,1.23E-102,363,93,264
7,50.ab1,BOLA03104|BoLA-DRB3*003:02:01|270,96.266,241,1.20E-112,396,93,260
8,78.ab1,BOLA03104|BoLA-DRB3*003:02:01|270,85.603,257,1.27E-72,263,97,260
9,92.ab1,BOLA03104|BoLA-DRB3*003:02:01|270,96.121,232,1.22E-107,379,88,263
10,193.ab1,BOLA03105|BoLA-DRB3*004:01|270,94.85,233,1.22E-102,363,89,262
11,103.ab1,BOLA03106|BoLA-DRB3*005:01|260,91.667,204,1.00E-78,283,76,268
12,115.ab1,BOLA03106|BoLA-DRB3*005:01|260,84.362,243,1.00E-63,233,92,261
13,159.ab1,BOLA03106|BoLA-DRB3*005:01|260,93.636,220,1.24E-92,329,84,261
14,5.ab1,BOLA03107|BoLA-DRB3*005:02|270,94.882,254,1.20E-112,396,97,262
15,209.ab1,BOLA03108|BoLA-DRB3*005:03|270,91.949,236,1.24E-92,329,90,262
16,31.ab1,BOLA03108|BoLA-DRB3*005:03|270,94.694,245,1.22E-107,379,93,263
17,104.ab1,BOLA03109|BoLA-DRB3*006:01|250,91.716,169,1.00E-63,233,65,261
18,214.ab1,BOLA03109|BoLA-DRB3*006:01|250,92.273,220,1.26E-87,313,83,265
19,120.ab1,BOLA03110|BoLA-DRB3*007:01|270,96.047,253,1.19E-117,412,98,259
20,147.ab1,BOLA03110|BoLA-DRB3*007:01|270,93.277,238,1.23E-97,346,90,261
21,183.ab1,BOLA03110|BoLA-DRB3*007:01|270,95.041,242,1.22E-107,379,93,261
22,58.ab1,BOLA03110|BoLA-DRB3*007:01|270,96.281,242,1.20E-112,396,92,262
23,29.ab1,BOLA03111|BoLA-DRB3*008:01|270,95.041,242,1.22E-107,379,92,264
24,73.ab1,BOLA03112|BoLA-DRB3*009:01|270,93.469,245,1.22E-102,363,93,262
25,137.ab1,BOLA03113|BoLA-DRB3*009:02|270,96.121,232,1.21E-107,379,89,262
26,148.ab1,BOLA03114|BoLA-DRB3*010:01|270,92.245,245,1.23E-97,346,94,261
27,57.ab1,BOLA03116|BoLA-DRB3*011:01|270,95.547,247,1.20E-112,396,94,262
28,6.ab1,BOLA03116|BoLA-DRB3*011:01|270,99.19,247,1.18E-127,446,94,262
29,102.ab1,BOLA03117|BoLA-DRB3*012:01|270,95.935,246,1.22E-112,396,92,266
30,180.ab1,BOLA03117|BoLA-DRB3*012:01|270,77.83,212,1.05E-28,117,78,260
31,94.ab1,BOLA03117|BoLA-DRB3*012:01|270,95.582,249,1.22E-112,396,94,265
32,42.ab1,BOLA03119|BoLA-DRB3*013:01|270,94.828,232,1.23E-102,363,88,263
33,64.ab1,BOLA03119|BoLA-DRB3*013:01|270,93.827,243,1.23E-102,363,92,263
34,3.ab1,BOLA03120|BoLA-DRB3*014:01:01|270,92.857,252,1.23E-102,363,96,261
35,47.ab1,BOLA03121|BoLA-DRB3*014:01:02|249,95.397,239,1.22E-107,379,92,261
36,189.ab1,BOLA03122|BoLA-DRB3*015:01|270,94.85,233,1.22E-102,363,89,262
37,66.ab1,BOLA03123|BoLA-DRB3*015:02|237,85.845,219,1.28E-62,230,84,257
38,70.ab1,BOLA03124|BoLA-DRB3*016:01|801,92.593,243,1.23E-97,346,93,261
39,177.ab1,BOLA03125|BoLA-DRB3*017:01|270,95.062,243,1.22E-107,379,93,261
40,11.ab1,BOLA03128|BoLA-DRB3*018:01|270,97.244,254,1.19E-122,429,97,262
41,101.ab1,BOLA03132|BoLA-DRB3*020:01:02|268,92.562,242,1.23E-97,346,92,262
42,156.ab1,BOLA03132|BoLA-DRB3*020:01:02|268,92.857,238,1.23E-97,346,91,261
43,1.ab1,BOLA03135|BoLA-DRB3*021:01|325,93.725,255,1.20E-107,379,98,257
44,7.ab1,BOLA03135|BoLA-DRB3*021:01|325,93.145,248,1.22E-102,363,95,260
45,87.ab1,BOLA03135|BoLA-DRB3*021:01|325,95.2,250,1.20E-112,396,96,260
46,9.ab1,BOLA03135|BoLA-DRB3*021:01|325,94.378,249,1.24E-107,379,93,267
47,97.ab1,BOLA03135|BoLA-DRB3*021:01|325,90.148,203,1.27E-72,263,78,260
48,12.ab1,BOLA03136|BoLA-DRB3*022:01|326,95.219,251,1.20E-112,396,96,260
49,49.ab1,BOLA03137|BoLA-DRB3*022:02|250,85.281,231,1.00E-63,233,87,261
50,38.ab1,BOLA03140|BoLA-DRB3*025:01:01|250,91.7,253,1.24E-97,346,95,263
51,128.ab1,BOLA03143|BoLA-DRB3*027:01|237,95.217,230,1.23E-102,363,88,261
52,71.ab1,BOLA03143|BoLA-DRB3*027:01|237,92.609,230,1.24E-92,329,88,260
53,173.ab1,BOLA03146|BoLA-DRB3*027:04|250,93.913,230,1.23E-97,346,88,260
54,172.ab1,BOLA03149|BoLA-DRB3*028:01|325,92.593,243,1.23E-97,346,93,261
55,80.ab1,BOLA03150|BoLA-DRB3*028:02|270,96.4,250,1.19E-117,412,97,259
56,216.ab1,BOLA03151|BoLA-DRB3*029:01|250,82.883,222,1.01E-53,200,85,262
57,21.ab1,BOLA03152|BoLA-DRB3*030:01|250,93.082,159,1.00E-63,233,61,261
58,26.ab1,BOLA03152|BoLA-DRB3*030:01|250,96.266,241,1.21E-112,396,92,261
59,135.ab1,BOLA03154|BoLA-DRB3*031:01|654,96.281,242,1.20E-112,396,93,260
60,151.ab1,BOLA03154|BoLA-DRB3*031:01|654,95.041,242,1.22E-107,379,93,261
61,158.ab1,BOLA03154|BoLA-DRB3*031:01|654,92.308,247,1.23E-97,346,94,262
62,171.ab1,BOLA03154|BoLA-DRB3*031:01|654,94.85,233,1.23E-102,363,89,263
63,89.ab1,BOLA03154|BoLA-DRB3*031:01|654,97.976,247,1.19E-122,429,95,261
64,179.ab1,BOLA03156|BoLA-DRB3*032:02|260,97.425,233,1.20E-112,396,89,262
65,210.ab1,BOLA03156|BoLA-DRB3*032:02|260,94.643,224,1.24E-97,346,85,264
66,187.ab1,BOLA03163|BoLA-DRB3*038:01|234,92.641,231,1.24E-92,329,88,263
67,81.ab1,BOLA03165|BoLA-DRB3*040:01|249,95.378,238,1.21E-107,379,92,260
68,136.ab1,BOLA03225|BoLA-DRB3*051:01|269,95.041,242,1.21E-107,379,92,262
69,205.ab1,BOLA03225|BoLA-DRB3*051:01|269,92.308,234,1.24E-92,329,89,263
70,96.ab1,BOLA03225|BoLA-DRB3*051:01|269,89.147,258,1.23E-87,313,98,256
71,123.ab1,BOLA03235|BoLA-DRB3*059:01|270,93.491,169,1.00E-68,250,64,264
72,84.ab1,BOLA03239|BoLA-DRB3*062:01|270,93.701,254,1.21E-107,379,97,262
73,106.ab1,BOLA03241|BoLA-DRB3*064:01|270,94.694,245,1.21E-107,379,94,262
74,65.ab1,BOLA03241|BoLA-DRB3*064:01|270,97.414,232,1.21E-112,396,88,263
75,77.ab1,BOLA03241|BoLA-DRB3*064:01|270,90.086,232,1.26E-82,296,88,260
76,165.ab1,BOLA03242|BoLA-DRB3*031:03|270,96.281,242,1.21E-112,396,93,261
77,194.ab1,BOLA03242|BoLA-DRB3*031:03|270,95.217,230,1.22E-102,363,88,260
78,62.ab1,BOLA03242|BoLA-DRB3*031:03|270,99.19,247,1.18E-127,446,94,263
79,82.ab1,BOLA03242|BoLA-DRB3*031:03|270,98.425,254,1.16E-127,446,98,257
80,154.ab1,BOLA03243|BoLA-DRB3*065:01|270,95.982,224,1.25E-102,363,84,267
81,190.ab1,BOLA03246|BoLA-DRB3*064:02|270,95.041,242,1.20E-107,379,94,257
82,186.ab1,BOLA03268|BoLA-DRB3*030:22|236,97.425,233,1.20E-112,396,89,262
83,163.ab1,BOLA03273|BoLA-DRB3*011:03|249,99.13,230,1.20E-117,412,88,261
84,208.ab1,BOLA03273|BoLA-DRB3*011:03|249,96.137,233,1.21E-107,379,89,260
85,185.ab1,BOLA03283|BoLA-DRB3*024:02|249,96.537,231,1.21E-107,379,88,262
86,160.ab1,BOLA03284|BoLA-DRB3*024:03|268,93.827,243,1.23E-102,363,92,263
87,44.ab1,BOLA03284|BoLA-DRB3*024:03|268,92.609,230,1.24E-92,329,88,260
88,76.ab1,BOLA03284|BoLA-DRB3*024:03|268,92.562,242,1.22E-97,346,93,259
89,98.ab1,BOLA03284|BoLA-DRB3*024:03|268,94.253,261,1.20E-112,396,99,262
90,145.ab1,BOLA03287|BoLA-DRB3*027:08|250,94.273,227,1.23E-97,346,87,262
91,143.ab1,BOLA03288|BoLA-DRB3*027:09|270,97.531,243,1.19E-117,412,93,259
92,17.ab1,BOLA03288|BoLA-DRB3*027:09|270,95.547,247,1.20E-112,396,95,260
93,202.ab1,BOLA03288|BoLA-DRB3*027:09|270,98.76,242,1.19E-122,429,93,261
94,60.ab1,BOLA03289|BoLA-DRB3*027:10|270,95.2,250,1.20E-112,396,96,260
95,69.ab1,BOLA03291|BoLA-DRB3*032:03|249,95,220,1.23E-97,346,84,261
96,46.ab1,BOLA03296|BoLA-DRB3*044:01|270,94.694,245,1.22E-107,379,93,261
97,184.ab1,BOLA03298|BoLA-DRB3*046:01:01|249,92.308,234,1.25E-92,329,89,264
98,86.ab1,BOLA03299|BoLA-DRB3*047:01|249,94.85,233,1.22E-102,363,89,262
99,85.ab1,BOLA03300|BoLA-DRB3*048:01|236,94.444,216,1.24E-92,329,82,263
100,157.ab1,BOLA03303|BoLA-DRB3*050:01|236,89.143,175,1.00E-58,217,67,259
101,109.ab1,BOLA07777|BoLA-DRB3*009:03|269,92.52,254,1.22E-102,363,98,260
102,23.ab1,BOLA07781|BoLA-DRB3*067:01|269,96.761,247,1.20E-117,412,95,261
103,108.ab1,BOLA07782|BoLA-DRB3*068:01|269,96.414,251,1.19E-117,412,97,259
104,206.ab1,BOLA07782|BoLA-DRB3*068:01|269,97.034,236,1.20E-112,396,90,262
105,34.ab1,BOLA07782|BoLA-DRB3*068:01|269,97.61,251,1.19E-122,429,95,263
106,99.ab1,BOLA07782|BoLA-DRB3*068:01|269,96.761,247,1.20E-117,412,95,261
107,95.ab1,BOLA07783|BoLA-DRB3*069:01|269,95.918,245,1.21E-112,396,93,261
108,149.ab1,BOLA07784|BoLA-DRB3*031:04|269,97.531,243,1.20E-117,412,93,261
109,198.ab1,BOLA07784|BoLA-DRB3*031:04|269,96.137,233,1.21E-107,379,89,262
110,61.ab1,BOLA07784|BoLA-DRB3*031:04|269,96.281,242,1.20E-112,396,92,262
111,59.ab1,BOLA07803|BoLA-DRB3*071:01|269,91.339,254,1.21E-97,346,98,257
112,27.ab1,BOLA09190|BoLA-DRB3*020:08|270,93.443,244,1.23E-102,363,93,263
113,48.ab1,BOLA09190|BoLA-DRB3*020:08|270,94.024,251,1.21E-107,379,96,262
114,182.ab1,BOLA09800|BoLA-DRB3*007:05|270,93.827,243,1.23E-102,363,92,263
115,117.ab1,BOLA09801|BoLA-DRB3*011:02|270,97.692,260,1.18E-127,446,99,260
116,74.ab1,BOLA09801|BoLA-DRB3*011:02|270,99.19,247,1.18E-127,446,95,260
117,142.ab1,BOLA09804|BoLA-DRB3*027:18|268,97.908,239,1.20E-117,412,92,260
118,146.ab1,BOLA09804|BoLA-DRB3*027:18|268,94.167,240,1.23E-102,363,91,264
119,188.ab1,BOLA09804|BoLA-DRB3*027:18|268,94.515,237,1.23E-102,363,90,263
120,72.ab1,BOLA09804|BoLA-DRB3*027:18|268,94.048,252,1.22E-107,379,95,263
121,195.ab1,BOLA09805|BoLA-DRB3*024:31|268,94.167,240,1.23E-102,363,91,263
122,217.ab1,BOLA09805|BoLA-DRB3*024:31|268,93.827,243,1.23E-102,363,92,263
123,203.ab1,BOLA09807|BoLA-DRB3*027:19|268,94.167,240,1.22E-102,363,92,262
124,55.ab1,BOLA09809|BoLA-DRB3*024:05|268,96.281,242,1.21E-112,396,93,261
125,24.ab1,BOLA09814|BoLA-DRB3*074:01|268,95.219,251,1.20E-112,396,96,260
126,119.ab1,BOLA09815|BoLA-DRB3*028:03|268,97.976,247,1.19E-122,429,95,260
127,125.ab1,BOLA09815|BoLA-DRB3*028:03|268,96.266,241,1.21E-112,396,92,263
128,41.ab1,BOLA09815|BoLA-DRB3*028:03|268,95.219,251,1.21E-112,396,96,261
129,90.ab1,BOLA09815|BoLA-DRB3*028:03|268,99.194,248,1.17E-127,446,96,258
130,15.ab1,BOLA09816|BoLA-DRB3*022:04|268,94.355,248,1.21E-107,379,95,260
131,211.ab1,BOLA09816|BoLA-DRB3*022:04|268,89.573,211,1.00E-73,267,79,266
132,36.ab1,BOLA09820|BoLA-DRB3*075:03|268,93.913,230,1.22E-97,346,89,258
133,200.ab1,BOLA09823|BoLA-DRB3*011:06|268,95.982,224,1.22E-102,363,85,262
134,28.ab1,BOLA09823|BoLA-DRB3*011:06|268,97.6,250,1.19E-122,429,96,261
135,170.ab1,BOLA09825|BoLA-DRB3*018:03|268,94.492,236,1.22E-102,363,91,260
136,207.ab1,BOLA09870|BoLA-DRB3*002:02|257,79.487,234,4.68E-42,161,91,255
137,25.ab1,BOLA09870|BoLA-DRB3*002:02|257,90.688,247,1.24E-92,329,95,260
138,32.ab1,BOLA09874|BoLA-DRB3*082:01|269,95.219,251,1.20E-112,396,96,262
139,118.ab1,BOLA09875|BoLA-DRB3*024:08|269,94.048,252,1.21E-107,379,96,262
140,204.ab1,BOLA09875|BoLA-DRB3*024:08|269,97.209,215,1.24E-102,363,81,265
141,30.ab1,BOLA09880|BoLA-DRB3*085:01|269,96.281,242,1.21E-112,396,93,261
142,130.ab1,BOLA09887|BoLA-DRB3*085:02|269,93.562,233,1.23E-97,346,89,261
143,110.ab1,BOLA09888|BoLA-DRB3*021:02|269,93.469,245,1.23E-102,363,93,263
144,161.ab1,BOLA09890|BoLA-DRB3*089:01|269,92.562,242,1.24E-97,346,92,263
145,138.ab1,BOLA09894|BoLA-DRB3*091:01|269,96.281,242,1.20E-112,396,92,262
146,112.ab1,BOLA09898|BoLA-DRB3*094:01|269,96.4,250,1.19E-117,412,97,259
147,114.ab1,BOLA09901|BoLA-DRB3*086:03|269,95.918,245,1.19E-112,396,95,258
148,140.ab1,BOLA09901|BoLA-DRB3*086:03|269,95.021,241,1.22E-107,379,92,261
149,181.ab1,BOLA09901|BoLA-DRB3*086:03|269,96.281,242,1.20E-112,396,92,262
150,75.ab1,BOLA09901|BoLA-DRB3*086:03|269,94.4,250,1.23E-107,379,94,265
151,22.ab1,BOLA09909|BoLA-DRB3*100:01|269,97.61,251,1.19E-122,429,95,263
152,45.ab1,BOLA09909|BoLA-DRB3*100:01|269,96.552,261,1.19E-122,429,99,261
153,63.ab1,BOLA09918|BoLA-DRB3*107:01|269,96.281,242,1.20E-112,396,93,259
154,2.scf,BOLA09920|BoLA-DRB3*107:02|269,95.547,247,1.19E-112,396,96,258
155,88.ab1,BOLA09924|BoLA-DRB3*005:05|269,96.281,242,1.21E-112,396,92,264
156,19.ab1,BOLA09925|BoLA-DRB3*108:01|269,96.281,242,1.21E-112,396,92,263
157,124.ab1,BOLA09933|BoLA-DRB3*009:04|269,94.048,252,1.21E-107,379,96,262
158,100.ab1,BOLA09942|BoLA-DRB3*032:04|269,94.882,254,1.19E-112,396,98,258
159,18.ab1,BOLA09943|BoLA-DRB3*027:12|269,95.918,245,1.20E-112,396,93,262
160,122.ab1,BOLA09945|BoLA-DRB3*087:03|269,94.355,248,1.20E-107,379,96,258
161,56.ab1,BOLA09948|BoLA-DRB3*100:02|269,96.266,241,1.20E-112,396,93,260
162,107.ab1,BOLA09950|BoLA-DRB3*094:03|269,94,250,1.21E-107,379,96,260
163,43.ab1,BOLA09950|BoLA-DRB3*094:03|269,95.2,250,1.20E-112,396,96,260
164,13.ab1,BOLA09957|BoLA-DRB3*116:01|269,95.918,245,1.20E-112,396,94,260
165,52.ab1,BOLA09962|BoLA-DRB3*100:03|269,95.219,251,1.21E-112,396,95,263
166,197.ab1,BOLA09964|BoLA-DRB3*105:02|269,95.041,242,1.21E-107,379,92,262
167,164.ab1,BOLA09972|BoLA-DRB3*100:04|269,94.737,247,1.23E-107,379,93,265
168,127.ab1,BOLA09974|BoLA-DRB3*086:04|269,94.715,246,1.22E-107,379,93,263
169,133.ab1,BOLA09978|BoLA-DRB3*100:05|269,96.281,242,1.21E-112,396,93,261
170,37.ab1,BOLA09978|BoLA-DRB3*100:05|269,77.457,173,1.75E-21,93.5,64,258
171,68.ab1,BOLA09985|BoLA-DRB3*024:23|269,95.2,250,1.20E-112,396,96,260
172,126.ab1,BOLA09986|BoLA-DRB3*013:03|269,98.805,251,1.18E-127,446,95,263
173,141.ab1,BOLA09993|BoLA-DRB3*022:10|269,97.414,232,1.22E-112,396,88,265
174,144.ab1,BOLA09996|BoLA-DRB3*100:08|269,96.281,242,1.21E-112,396,93,261
175,16.ab1,BOLA10006|BoLA-DRB3*013:04|269,98.805,251,1.18E-127,446,96,262
176,35.ab1,BOLA10006|BoLA-DRB3*013:04|269,98.805,251,1.18E-127,446,96,262
177,129.ab1,BOLA10027|BoLA-DRB3*007:04|269,96.281,242,1.21E-112,396,92,263
178,192.ab1,BOLA10046|BoLA-DRB3*149:01|269,93.802,242,1.22E-102,363,92,262
179,4.ab1,BOLA10051|BoLA-DRB3*154:01|269,95.041,242,1.21E-107,379,93,259
180,8.ab1,BOLA10051|BoLA-DRB3*154:01|269,94.024,251,1.22E-107,379,96,261
181,93.ab1,BOLA10052|BoLA-DRB3*154:02|269,94.024,251,1.21E-107,379,97,259
182,40.ab1,BOLA10056|BoLA-DRB3*158:01|269,94.024,251,1.21E-107,379,97,260
183,132.ab1,BOLA10170|BoLA-DRB3*017:06|270,96.281,242,1.20E-112,396,93,260
184,139.ab1,BOLA10171|BoLA-DRB3*017:07|267,91.949,236,1.24E-92,329,90,263
185,201.ab1,BOLA10171|BoLA-DRB3*017:07|267,92.917,240,1.23E-97,346,91,261
186,131.ab1,BOLA10173|BoLA-DRB3*007:07|269,93.939,231,1.23E-97,346,87,262
187,168.ab1,BOLA10173|BoLA-DRB3*007:07|269,94.538,238,1.23E-102,363,90,264
188,54.ab1,BOLA10173|BoLA-DRB3*007:07|269,95.062,243,1.21E-107,379,93,262
189,91.ab1,BOLA10173|BoLA-DRB3*007:07|269,95.062,243,1.22E-107,379,93,261
190,14.ab1,BOLA10180|BoLA-DRB3*012:04|270,96.296,243,1.18E-112,396,94,255
191,111.ab1,BOLA10181|BoLA-DRB3*024:33|267,94.882,254,1.20E-112,396,98,259
192,150.ab1,BOLA10181|BoLA-DRB3*024:33|267,93.886,229,1.23E-97,346,88,261
193,152.ab1,BOLA10181|BoLA-DRB3*024:33|267,94.872,234,1.20E-102,363,91,256
194,213.ab1,BOLA10181|BoLA-DRB3*024:33|267,93.562,233,1.25E-97,346,88,265
195,53.ab1,BOLA10181|BoLA-DRB3*024:33|267,95.021,241,1.21E-107,379,93,259
196,67.ab1,BOLA10181|BoLA-DRB3*024:33|267,93.913,230,1.23E-97,346,88,262
197,116.ab1,BOLA10182|BoLA-DRB3*168:01|267,91.085,258,1.22E-97,346,99,259
