BOLA03157|BoLA-DRB3*033:01|247 18
BOLA09932|BoLA-DRB3*024:16|269 18
BOLA09821|BoLA-DRB3*076:01|268 15
BOLA09823|BoLA-DRB3*011:06|268 15
BOLA10162|BoLA-DRB3*164:01|269 15
BOLA10170|BoLA-DRB3*017:06|270 15
BOLA03151|BoLA-DRB3*029:01|250 14
BOLA03285|BoLA-DRB3*025:02|225 14
BOLA09910|BoLA-DRB3*099:02|269 14
BOLA09917|BoLA-DRB3*106:01|269 14
BOLA10050|BoLA-DRB3*153:01|269 14
BOLA03123|BoLA-DRB3*015:02|237 13
BOLA03240|BoLA-DRB3*063:01|267 13
BOLA03277|BoLA-DRB3*016:02|249 13
BOLA03152|BoLA-DRB3*030:01|250 12
BOLA03273|BoLA-DRB3*011:03|249 12
BOLA10174|BoLA-DRB3*018:05|270 12
BOLA03138|BoLA-DRB3*023:01|250 11
BOLA03153|BoLA-DRB3*030:02|250 11
BOLA03165|BoLA-DRB3*040:01|249 11
BOLA03228|BoLA-DRB3*043:02|270 11
BOLA03242|BoLA-DRB3*031:03|270 11
BOLA03279|BoLA-DRB3*019:03|250 11
BOLA03282|BoLA-DRB3*022:03|236 11
BOLA03303|BoLA-DRB3*050:01|236 11
BOLA09880|BoLA-DRB3*085:01|269 11
BOLA09974|BoLA-DRB3*086:04|269 11
BOLA03162|BoLA-DRB3*037:01|234 10
BOLA03268|BoLA-DRB3*030:22|236 10
BOLA03290|BoLA-DRB3*031:02|236 10
BOLA09963|BoLA-DRB3*116:02|269 10
BOLA03100|BoLA-DRB3*001:01|554 9
BOLA03107|BoLA-DRB3*005:02|270 9
BOLA03148|BoLA-DRB3*027:06|234 9
BOLA03298|BoLA-DRB3*046:01:01|249 9
BOLA09804|BoLA-DRB3*027:18|268 9
BOLA03143|BoLA-DRB3*027:01|237 8
BOLA03269|BoLA-DRB3*003:03|249 8
BOLA03271|BoLA-DRB3*007:02|236 8
BOLA10053|BoLA-DRB3*155:01|269 8
BOLA10169|BoLA-DRB3*015:09|270 8
BOLA10171|BoLA-DRB3*017:07|267 8
BOLA03102|BoLA-DRB3*002:01|267 7
BOLA03146|BoLA-DRB3*027:04|250 7
BOLA03147|BoLA-DRB3*027:05|250 7
BOLA03241|BoLA-DRB3*064:01|270 7
BOLA03293|BoLA-DRB3*041:01|264 7
BOLA10180|BoLA-DRB3*012:04|270 7
BOLA03141|BoLA-DRB3*025:01:02|250 6
BOLA03272|BoLA-DRB3*007:03|236 6
BOLA03276|BoLA-DRB3*015:03|236 6
BOLA09950|BoLA-DRB3*094:03|269 6
BOLA09973|BoLA-DRB3*122:01|269 6
BOLA10176|BoLA-DRB3*166:01|267 6
BOLA03118|BoLA-DRB3*012:02|237 5
BOLA03243|BoLA-DRB3*065:01|270 5
BOLA09191|BoLA-DRB3*050:01:01|270 5
BOLA09809|BoLA-DRB3*024:05|268 5
BOLA09810|BoLA-DRB3*027:20|268 5
BOLA09870|BoLA-DRB3*002:02|257 5
BOLA09893|BoLA-DRB3*090:02|269 5
BOLA09897|BoLA-DRB3*093:01|269 5
BOLA09924|BoLA-DRB3*005:05|269 5
BOLA09947|BoLA-DRB3*112:01|269 5
BOLA09967|BoLA-DRB3*008:02|269 5
BOLA10165|BoLA-DRB3*165:01|269 5
BOLA10172|BoLA-DRB3*015:10|267 5
BOLA03114|BoLA-DRB3*010:01|270 4
BOLA03131|BoLA-DRB3*020:01:01|269 4
BOLA03133|BoLA-DRB3*020:02:01|270 4
BOLA03137|BoLA-DRB3*022:02|250 4
BOLA03140|BoLA-DRB3*025:01:01|250 4
BOLA03144|BoLA-DRB3*027:02|250 4
BOLA03156|BoLA-DRB3*032:02|260 4
BOLA03164|BoLA-DRB3*039:01|234 4
BOLA03280|BoLA-DRB3*020:04|258 4
BOLA03284|BoLA-DRB3*024:03|268 4
BOLA03302|BoLA-DRB3*049:01|236 4
BOLA09808|BoLA-DRB3*024:04|268 4
BOLA09819|BoLA-DRB3*075:02|268 4
BOLA09873|BoLA-DRB3*022:06|269 4
BOLA09883|BoLA-DRB3*087:01|269 4
BOLA10181|BoLA-DRB3*024:33|267 4
BOLA10185|BoLA-DRB3*169:01|270 4
BOLA03104|BoLA-DRB3*003:02:01|270 3
BOLA03106|BoLA-DRB3*005:01|260 3
BOLA03122|BoLA-DRB3*015:01|270 3
BOLA03126|BoLA-DRB3*017:02|250 3
BOLA03154|BoLA-DRB3*031:01|654 3
BOLA03163|BoLA-DRB3*038:01|234 3
BOLA07778|BoLA-DRB3*015:04|269 3
BOLA07783|BoLA-DRB3*069:01|269 3
BOLA09801|BoLA-DRB3*011:02|270 3
BOLA09815|BoLA-DRB3*028:03|268 3
BOLA09816|BoLA-DRB3*022:04|268 3
BOLA09916|BoLA-DRB3*105:01|269 3
BOLA09923|BoLA-DRB3*018:04|269 3
BOLA09930|BoLA-DRB3*028:05|269 3
BOLA09968|BoLA-DRB3*120:01|269 3
BOLA09971|BoLA-DRB3*121:01|269 3
BOLA09986|BoLA-DRB3*013:03|269 3
BOLA09995|BoLA-DRB3*005:07|269 3
BOLA10004|BoLA-DRB3*105:03|269 3
BOLA10056|BoLA-DRB3*158:01|269 3
BOLA10182|BoLA-DRB3*168:01|267 3
BOLA03113|BoLA-DRB3*009:02|270 2
BOLA03115|BoLA-DRB3*010:02|271 2
BOLA03116|BoLA-DRB3*011:01|270 2
BOLA03117|BoLA-DRB3*012:01|270 2
BOLA03121|BoLA-DRB3*014:01:02|249 2
BOLA03124|BoLA-DRB3*016:01|801 2
BOLA03127|BoLA-DRB3*017:03|249 2
BOLA03128|BoLA-DRB3*018:01|270 2
BOLA03129|BoLA-DRB3*018:02|250 2
BOLA03145|BoLA-DRB3*027:03|780 2
BOLA03150|BoLA-DRB3*028:02|270 2
BOLA03225|BoLA-DRB3*051:01|269 2
BOLA03274|BoLA-DRB3*013:02|270 2
BOLA03281|BoLA-DRB3*020:05|249 2
BOLA03291|BoLA-DRB3*032:03|249 2
BOLA03294|BoLA-DRB3*042:01|249 2
BOLA07780|BoLA-DRB3*015:06|269 2
BOLA09807|BoLA-DRB3*027:19|268 2
BOLA09814|BoLA-DRB3*074:01|268 2
BOLA09817|BoLA-DRB3*075:01|268 2
BOLA09820|BoLA-DRB3*075:03|268 2
BOLA09825|BoLA-DRB3*018:03|268 2
BOLA09875|BoLA-DRB3*024:08|269 2
BOLA09889|BoLA-DRB3*024:11|269 2
BOLA09902|BoLA-DRB3*097:01|269 2
BOLA09918|BoLA-DRB3*107:01|269 2
BOLA09935|BoLA-DRB3*097:02|269 2
BOLA09959|BoLA-DRB3*005:06|269 2
BOLA09962|BoLA-DRB3*100:03|269 2
BOLA09992|BoLA-DRB3*128:01|269 2
BOLA10002|BoLA-DRB3*007:06|269 2
BOLA10006|BoLA-DRB3*013:04|269 2
BOLA10017|BoLA-DRB3*027:16|269 2
BOLA10025|BoLA-DRB3*014:04|269 2
BOLA10031|BoLA-DRB3*022:14|269 2
BOLA10043|BoLA-DRB3*146:01|269 2
BOLA10060|BoLA-DRB3*161:01|269 2
BOLA10160|BoLA-DRB3*021:03|269 2
